,path,deposit_id,name,longitude,latitude,deposit_type,url
0,mrdata_json/carbonatite/7.json,7,"['monazite', 'barytocalcite', 'ilmenite', 'perovskite', 'monticellite', 'apatite', 'pyrophanite', 'magnetite', 'calcite', 'dolomite', 'pyrochlore', 'barite', 'baddeleyite', 'ancylite', 'carbocernaite', 'norsethite', 'calzirtite', 'serpentine', 'spinel', 'siderite', 'ba-phlogopite', 'zirconolite', 'pyrite', 'pyrrhotite', 'strontianite', 'forsterite', 'galena', 'allanite', 'Jacupiranga', 'phlogopite']",-48.1325,-24.7008333333333,"['beforsite, sövite', 10]",https://mrdata.usgs.gov/to-json.php?db=carbonatite&id=rec_id&labno=7
1,mrdata_json/carbonatite/18.json,18,"['biotite', 'pyrochlore', 'calcite', 'Martinson Lake', 'pyrite', 'serpentine', 'phlogopite', 'magnetite', 'olivine', 'dolomite', 'apatite']",-83.1513888888889,50.4125,"['beforsite, sövite', 10]",https://mrdata.usgs.gov/to-json.php?db=carbonatite&id=rec_id&labno=18
2,mrdata_json/carbonatite/46.json,46,"['Khibiny', 'zircon', 'quartz', 'barytocalcite', 'garnet', 'rutile', 'parisite-(ce)', 'perovskite', 'apatite', 'synchysite-(ce)', 'ancylite-(ce)', 'fe-rhodochrosite', 'natrolite', 'cebaite-(ce)', 'magnetite', 'nb-sphene', 'ilmenorutile', 'calcite', 'dolomite', 'kukharenkoite-(ce)', 'biotite', 'bastnaesite', 'pyrochlore', 'barite', 'hematite', 'albite', 'talc', 'fluorite', 'wollastonite', 'mackelveyite-(y)', 'carbocernaite', 'edingtonite', 'amphibole', 'cordylite-(ce)', 'ankerite', 'siderite', 'Khibina', 'burbankite', 'aegerine', 'pyrite', 'pyrrhotite', 'strontianite', 'galena', 'sphalerite', 'sphene', 'dawsonite', 'chalcopyrite', 'cancrinite', 'mn-siderite']",34.2388888888889,67.7577777777778,"['Fe-carbonatite, sövite', 10]",https://mrdata.usgs.gov/to-json.php?db=carbonatite&id=rec_id&labno=46
3,mrdata_json/carbonatite/38.json,38,"['bastnaesite', 'barite', 'monazite', 'fluorite', 'Bou Naga', 'carbonate', 'apatite']",-13.3166666666667,18.9833333333333,"[10, 'beforsite?']",https://mrdata.usgs.gov/to-json.php?db=carbonatite&id=rec_id&labno=38
4,mrdata_json/carbonatite/59.json,59,"['thorianite', 'brookite', 'zircon', 'quartz', 'monazite', 'rutile', 'pyrolusite', 'apatite', 'parisite', 'uraninite', 'magnetite', 'calcite', 'biotite', 'k-feldspar', 'bastnaesite', 'barite', 'hematite', 'mn-oxide', 'fluorite', 'Bear Lodge Mts.', 'ancylite', 'xenotime', 'molybdenite', 'Bear Lodge', 'aegerine', 'pyrite', 'pyrrhotite', 'strontianite', 'sanidine', 'galena', 'synchysite', 'sphalerite', 'sphene', 'fe-oxide', 'chalcopyrite']",-104.451666666667,44.4786111111111,"[10, 'sövite']",https://mrdata.usgs.gov/to-json.php?db=carbonatite&id=rec_id&labno=59
5,mrdata_json/carbonatite/19.json,19,"['aegerine', 'biotite', 'pyrochlore', 'barite', 'zirkelite', 'k-feldspar', 'Nemegosenda Lake', 'wollastonite', 'fluorite', 'melanite', 'galena', 'nepheline', 'sphalerite', 'magnetite', 'na-amphibole', 'apatite']",-83.0794444444444,48.0188888888889,"[10, 'sövite']",https://mrdata.usgs.gov/to-json.php?db=carbonatite&id=rec_id&labno=19
6,mrdata_json/carbonatite/12.json,12,"['quartz', 'monazite', 'rhabdophane-(ce)', 'fluocerite', 'goethite', 'Karonge', 'vermiculite', 'biotite', 'pyromorphite', 'bastnaesite', 'barite', 'microcline', 'Gakara', 'kaolinite', 'molybdenite', 'cerianite-(ce)', 'pyrite', 'goyazite', 'galena', 'crandallite']",29.4491666666667,-3.50222222222222,[10],https://mrdata.usgs.gov/to-json.php?db=carbonatite&id=rec_id&labno=12
7,mrdata_json/carbonatite/13.json,13,"['thorianite', 'zircon', 'na-amphibole (richterite)', 'zirkelite', 'monazite', 'apatite', 'nb-rutile', 'magnetite', 'calcite', 'dolomite', 'biotite', 'bastnaesite', 'cheralite', 'barite', 'pyrochlore', 'baddeleyite', 'fluorite', 'chlorite', 'fersmite', 'cordylite', 'burbankite', 'pyrite', 'thorite', 'Aley', 'huanghoite-(ce)', 'columbite', 'phlogopite']",-123.749166666667,56.4661111111111,"['rauhaugite, sövite', 10]",https://mrdata.usgs.gov/to-json.php?db=carbonatite&id=rec_id&labno=13
8,mrdata_json/carbonatite/36.json,36,"['quartz', 'monazite', 'florencite', 'feldspar', 'perovskite', 'apatite', 'nepheline', 'Kangankunde', 'calcite', 'magnetite', 'olivine', 'staurolite', 'dolomite', 'biotite', 'bastnaesite', 'pyrochlore', 'barite', 'fluorite', 'montichellite', 'daqingshanite', 'melilite', 'ankerite', 'siderite', 'goyazite', 'strontianite', 'sphalerite', 'phlogopite']",34.9094444444444,-15.125,"[10, 'beforsite']",https://mrdata.usgs.gov/to-json.php?db=carbonatite&id=rec_id&labno=36
9,mrdata_json/carbonatite/6.json,6,"['quartz', 'rutile', 'perovskite', 'pyroxene', 'goethite', 'Catalao II', 'na-amphibole', 'calcite', 'ba-pyrochlore', 'vermiculite', 'pyrochlore', 'barite', 'serpentine', 'ree-phosphates', 'kaolinite', 'magnetite |', 'goyazite', 'alkali-feldspar', 'phlogopite']",-47.8744444444444,-18.0480555555556,"['beforsite, sövite', 10]",https://mrdata.usgs.gov/to-json.php?db=carbonatite&id=rec_id&labno=6
10,mrdata_json/carbonatite/22.json,22,"['monazite', 'apatite', 'calcite', 'dolomite', 'biotite', 'bastnaesite', 'pyrochlore', 'barite', 'hematite', 'fluorite', 'montichellite', 'Niobec', 'chlorite', 'ankerite', 'pyrite', 'columbite', 'sphene', 'phlogopite', 'St. Honore']",-71.1491666666667,48.5352777777778,"['beforsite, sövite', 10]",https://mrdata.usgs.gov/to-json.php?db=carbonatite&id=rec_id&labno=22
11,mrdata_json/carbonatite/1.json,1,"['Bonga', 'biotite', 'parisite', 'pyrochlore', 'barite', 'calcite', 'pyrite', 'garnet', 'rutile', 'strontianite', 'synchysite', 'ankerite', 'magnetite', 'dolomite', 'apatite']",13.9672222222222,-14.2680555555556,"['apatitic carbonatite, rauhaugite, sövite', 10]",https://mrdata.usgs.gov/to-json.php?db=carbonatite&id=rec_id&labno=1
12,mrdata_json/carbonatite/42.json,42,"['quartz', 'monazite', 'apatite', 'calcite', 'magnetite', 'chalcocite', 'biotite', 'albite', 'pyrochlore', 'barite', 'hematite', 'carbocernaite', 'chlorite', 'ankerite', 'eudialyte', 'burbankite', 'pyrite', 'strontianite', 'titanite', 'Kalkfeld', 'sphalerite', 'phlogopite']",16.1325,-20.8194444444444,"[10, 'sövite']",https://mrdata.usgs.gov/to-json.php?db=carbonatite&id=rec_id&labno=42
13,mrdata_json/carbonatite/40.json,40,"['thorianite', 'quartz', 'apatite', 'calcite', 'magnetite', 'dolomite', 'k-feldspar', 'bastnaesite', 'barite', 'Mushugay-Khuduk', 'fluorite', 'celestite', 'Mushgai-Khudag', 'ankerite', 'pyrite', 'pyrrhotite', 'diopside', 'galena', 'phlogopite']",104.051388888889,44.4008333333333,"[10, 'sövite']",https://mrdata.usgs.gov/to-json.php?db=carbonatite&id=rec_id&labno=40
14,mrdata_json/carbonatite/35.json,35,"['quartz', 'rutile', 'florencite', 'feldspar', 'apatite', 'pyroxene', 'melanite', 'calcite', 'biotite', 'bastnaesite', 'pyrochlore', 'barite', 'fluorite', 'spinel', 'amphibole', 'ankerite', 'siderite', 'pyrite', 'Chilwa Island', 'titanite', 'synchysite', 'columbite', 'phlogopite']",35.6019444444444,-15.3316666666667,"['Fe-carbonatite, sövite', 10]",https://mrdata.usgs.gov/to-json.php?db=carbonatite&id=rec_id&labno=35
15,mrdata_json/carbonatite/39.json,39,"['bastnaesite', 'parisite', 'barite', 'quartz', 'pyrite', 'fluorite', 'Lugiingol', 'rutile', 'synchysite', 'phlogopite', 'calcite', 'dolomite', 'Lugin Gol']",108.563333333333,42.9541666666667,"[10, 'sövite']",https://mrdata.usgs.gov/to-json.php?db=carbonatite&id=rec_id&labno=39
16,mrdata_json/carbonatite/31.json,31,"['bastnaesite', 'pyrochlore', 'barite', 'Amba Dongar', 'calcite', 'quartz', 'fluorite', 'galena', 'ankerite', 'dickite', 'phlogopite', 'magnetite', 'siderite', 'chalcopyrite', 'apatite', 'zirconolite']",74.0616666666667,21.9875,"['Fe-carbonatite, sövite', 10]",https://mrdata.usgs.gov/to-json.php?db=carbonatite&id=rec_id&labno=31
17,mrdata_json/carbonatite/3.json,3,"['zircon', 'quartz', 'aegirine', 'monazite', 'gorceixite', 'florencite', 'nb-ilmenite', 'feldspar', 'perovskite', 'ce-crandallite', 'apatite', 'psilomelane', 'goethite', 'nb-rutile', 'churchite', 'mg-crocidolite', 'Mount Weld', 'tremolite', 'anatase', 'magnetite', 'calcite', 'olivine', 'vermiculite', 'dolomite', 'biotite', 'cheralite', 'barite', 'hematite', 'pyrochlore', 'baddeleyite', 'fluorite', 'montmorillonite', 'beudantite', 'fe-phlogopite', 'ankerite', 'riebeckite', 'manganite', 'kaolinite', 'pyrite', 'cerianite', 'strontianite', 'jacobsite', 'galena', 'synchysite', 'allanite', 'sphalerite', 'phlogopite']",122.548055555556,-28.8644444444444,"[10, 'sövite']",https://mrdata.usgs.gov/to-json.php?db=carbonatite&id=rec_id&labno=3
18,mrdata_json/carbonatite/55.json,55,"['brookite', 'gypsum', 'quartz', 'garnet', 'rutile', 'hercynite', 'ilmenite', 'perovskite', 'apatite', 'anatase', 'magnetite', 'calcite', 'biotite', 'smectite', 'barite', 'Magnet Cove', 'wollastonite', 'fluorite', 'montichellite', 'vesuvianite', 'zeolite', 'ankerite', 'molybdenite', 'eudialyte', 'kaolinite', 'aegerine', 'pyrite', 'pyrrhotite', 'actinolite', 'kimzeyite', 'synchysite', 'phlogopite', 'chalcopyrite']",-92.8544444444444,34.4358333333333,"[10, 'sövite']",https://mrdata.usgs.gov/to-json.php?db=carbonatite&id=rec_id&labno=55
19,mrdata_json/carbonatite/16.json,16,"['biotite', 'calcite', 'fluorite', 'Nemogos', 'cancrinite', 'zeolite', 'Lackner Lake', 'amphibole', 'fayalite', 'magnetite', 'pyrophyllite', 'aegerine-augite', 'riebeckite', 'apatite']",-83.165,47.7477777777778,"[10, 'sövite']",https://mrdata.usgs.gov/to-json.php?db=carbonatite&id=rec_id&labno=16
20,mrdata_json/carbonatite/51.json,51,"['pyrochlore', 'quartz', 'goyazite', 'churchite', 'aegirine-augite', 'gorceixite', 'titanite', 'ilmenite', 'Sandkopfsdrif', 'Zandkops Drift', 'amphibole', 'phlogopite', 'calcite', 'vermiculite', 'apatite']",17.9419444444444,-30.8841666666667,"[10, 'sövite']",https://mrdata.usgs.gov/to-json.php?db=carbonatite&id=rec_id&labno=51
21,mrdata_json/carbonatite/49.json,49,"['zircon', 'monazite', 'garnet', 'rutile', 'perovskite', 'apatite', 'samarskite', 'Glenover', 'anatase', 'magnetite', 'bornite', 'calcite', 'vermiculite', 'dolomite', 'pyrochlore', 'barite', 'hematite', 'celestite', 'zeolite', 'pyrite', 'chondrodite', 'galena', 'synchysite', 'columbite', 'sphalerite', 'phlogopite', 'chalcopyrite']",27.1627777777778,-23.8688888888889,"['beforsite, sövite', 10]",https://mrdata.usgs.gov/to-json.php?db=carbonatite&id=rec_id&labno=49
22,mrdata_json/carbonatite/23.json,23,"['quartz', 'monazite', 'barytocalcite', 'garnet', 'benstonite', 'ilmenite', 'arfvedsonite', 'parisite-(ce)', 'rhabdophane', 'apatite', 'parisite-(nd)', 'aeschynite', 'lanthanite', 'nb-rutile', 'mn-calcite', 'hyalophane', 'tremolite', 'hornblende', 'daqingshanite-(ce)', 'anatase', 'cebaite-(ce)', 'bafertisite', 'magnetite', 'calcite', 'baotite', 'biotite', 'dolomite', 'xenotime-(ce)', 'bastnaesite', 'pyrochlore', 'barite', 'hematite', 'albite', 'sr-calcite', 'cebaite-(nd)', 'fluorite', 'carbocernaite', 'norsethite', 'limonite', 'microcline', 'britholite-(ce)', 'cordylite-(ce)', 'chevkinite', 'Bayan Obo', 'fersmite', 'aegerine-augite', 'alstonite', 'ankerite', 'Baiyun Obo', 'riebeckite', 'aegerine', 'witherite', 'pyrite', 'thorite', 'pyrrhotite', 'strontianite', 'diopside', 'fergusonite-(ce)', 'fergusonite-(nd)', 'galena', 'huanghoite-(ce)', 'actinolite', 'allanite', 'columbite', 'sphalerite', 'phlogopite', 'dingdaohengite-(ce)', 'chalcopyrite', 'fergusonite-(y)']",109.974444444444,41.7991666666667,"['beforsite, sövite', 10]",https://mrdata.usgs.gov/to-json.php?db=carbonatite&id=rec_id&labno=23
23,mrdata_json/carbonatite/52.json,52,"['pyrochlore', 'Panda Hill', 'calcite', 'monazite', 'pyrite', 'fluorite', 'rutile', 'Mbeya', 'quartz', 'titanite', 'ilmenite', 'phlogopite', 'magnetite', 'ree-carbonate', 'dolomite', 'apatite']",33.2480555555556,-9.00777777777778,"['beforsite, sövite', 10]",https://mrdata.usgs.gov/to-json.php?db=carbonatite&id=rec_id&labno=52
24,mrdata_json/carbonatite/53.json,53,"['psilomelane', 'goethite', 'bastnaesite', 'biotite', 'barite', 'calcite', 'quartz', 'pyrite', 'Kizilcaören', 'fluorite', 'pyrolusite', 'rutile', 'diopside', 'magnetite', 'braunite', 'apatite']",31.3508333333333,39.6194444444444,"[10, 'sövite']",https://mrdata.usgs.gov/to-json.php?db=carbonatite&id=rec_id&labno=53
25,mrdata_json/carbonatite/26.json,26,"['monazite', 'rutile', 'apatite', 'nb-rutile', 'parisite', 'calcite', 'Miaoya', 'dolomite', 'biotite', 'bastnaesite', 'pyrochlore', 'fluorite', 'nb-aeschynite', 'microcline', 'ankerite', 'fersmite', 'burbankite', 'pyrite', 'columbite', 'betafite']",110.200555555556,32.2502777777778,"['Fe-carbonatite, sövite', 10]",https://mrdata.usgs.gov/to-json.php?db=carbonatite&id=rec_id&labno=26
26,mrdata_json/carbonatite/9.json,9,"['goethite', 'nb-rutile', 'pyrochlore', 'barite', 'hematite', 'pyrite', 'florencite', 'limonite', 'crandallite', 'nb-brookite', 'Seis Lagos', 'ankerite', 'siderite', 'Morro dos Seis Lagos', 'dolomite']",-66.6802777777778,0.281944444444444,"[10, 'beforsite']",https://mrdata.usgs.gov/to-json.php?db=carbonatite&id=rec_id&labno=9
27,mrdata_json/carbonatite/24.json,24,"['monazite', 'cu-zn alloy', 'rutile', 'sn-zn alloy', 'ilmenite', 'arfvedsonite', 'wulfenite', 'copper', 'apatite', 'tin', 'sr-barite', 'Daluxiang', 'magnetite', 'calcite', 'biotite', 'bastnaesite', 'albite', 'barite', 'fluorite', 'celestite', 'limonite', 'microcline', 'chevkinite', 'aegerine-augite', 'molybdenite', 'witherite', 'pyrite', 'strontianite', 'cu-sn alloy', 'Dalucao', 'galena', 'cerussite', 'allanite', 'sphalerite', 'chalcopyrite']",101.851666666667,27.1675,"[10, 'sövite']",https://mrdata.usgs.gov/to-json.php?db=carbonatite&id=rec_id&labno=24
28,mrdata_json/carbonatite/33.json,33,"['zircon', 'brookite', 'quartz', 'monazite', 'rutile', 'gorceixite', 'florencite', 'ilmenite', 'feldspar', 'perovskite', 'apatite', 'psilomelane', 'epidote', 'Mrima Hill', 'anatase', 'magnetite', 'ba-pyrochlore', 'calcite', 'dolomite', 'biotite', 'pyrochlore', 'barite', 'hematite', 'scapolite', 'melilite', 'limonite', 'spinel', 'chlorite', 'amphibole', 'kaolinite', 'pyrite', 'goyazite', 'pyrrhotite', 'galena', 'sphalerite', 'marcasite', 'phlogopite']",39.2527777777778,-4.48611111111111,"['beforsite, sövite', 10]",https://mrdata.usgs.gov/to-json.php?db=carbonatite&id=rec_id&labno=33
29,mrdata_json/carbonatite/54.json,54,"['zircon', 'monazite', 'gorceixite', 'ilmenite', 'apatite', 'goethite', 'perovskite-(ce)', 'anatase', 'magnetite', 'calcite', 'olivine', 'vermiculite', 'dolomite', 'biotite', 'pyrochlore', 'barite', 'hematite', 'baddeleyite', 'limonite', 'gold', 'pyrrhotite', 'galena', 'phlogopite', 'Sukulu', 'chalcopyrite']",34.1583333333333,-0.625,"[10, 'beforsite, sövite (alvikite)']",https://mrdata.usgs.gov/to-json.php?db=carbonatite&id=rec_id&labno=54
30,mrdata_json/carbonatite/57.json,57,"['zircon', 'monazite', 'rutile', 'ilmenite', 'perovskite', 'apatite', 'Powderhorn', 'na-amphibole', 'magnetite', 'calcite', 'vermiculite', 'leucoxene', 'biotite', 'dolomite', 'bastnaesite', 'pyrochlore', 'barite', 'fluorite', 'Iron Hill', 'siderite', 'thorite', 'diopside', 'titanite', 'synchysite', 'phlogopite', 'rabdophane']",-106.708611111111,38.2347222222222,"[10, 'beforsite']",https://mrdata.usgs.gov/to-json.php?db=carbonatite&id=rec_id&labno=57
31,mrdata_json/carbonatite/50.json,50,"['zircon', 'monazite', 'stromeyerite', 'violarite', 'ilmenite', 'froodite', 'copper', 'majakite', 'shadlunite', 'apatite', 'cubanite', 'pyroxene', 'valleriite', 'pentlandite', 'silver', 'clinohumite', 'mackinawite', 'parkerite', 'uraninite', 'siegenite', 'hornblende', 'bornite', 'betekhtinite', 'magnetite', 'chalcocite', 'calcite', 'dolomite', 'olivine', 'vermiculite', 'bismuth', 'ag-pentlandite', 'küstelite', 'u-thorianite', 'millerite', 'baddeleyite', 'serpentine', 'lead', 'co-pentlandite', 'chalcopyrite', 'bravoite', 'gold', 'talnakhite', 'molybdenite', 'zirconolite', 'sperrylite', 'naummanite', 'wittichenite', 'Phalaborwa', 'pyrrhotite', 'cabriite', 'titanite', 'Palabora', 'galena', 'jalpaite', 'hessite', 'synchysite', 'phlogopite', 'electrum']",31.1244444444444,-23.9791666666667,"['beforsite, sövite', 10]",https://mrdata.usgs.gov/to-json.php?db=carbonatite&id=rec_id&labno=50
32,mrdata_json/carbonatite/29.json,29,"['zircon', 'fayalite', 'apatite', 'pyroxene', 'parisite', 'calcite', 'vermiculite', 'dolomite', 'biotite', 'pyrochlore', 'barite', 'ancylite', 'celestite', 'amphibole', 'Lueshe', 'microcline', 'aegerine', 'strontianite', 'synchysite', 'cancrinite']",29.1408333333333,-0.986666666666667,"['beforsite, sövite', 10]",https://mrdata.usgs.gov/to-json.php?db=carbonatite&id=rec_id&labno=29
33,mrdata_json/carbonatite/25.json,25,"['zircon', 'mg-riebeckite', 'uranothorite', 'gypsum', 'aegirine', 'aenigmatite', 'chevkinite-(ce)', 'cu-zn alloy', 'monazite', 'rutile', 'aegirine-augite', 'garnet', 'mn-pectolite', 'quartz', 'fluocerite', 'ilmenite', 'parisite-(ce)', 'wulfenite', 'arfvedsonite', 'copper', 'maoniupingite-(ce)', 'apatite', 'tongxinite', 'aeschynite', 'epidote', 'sr-barite', 'samarskite-(y)', 'magnetite', 'calcite', 'biotite', 'bastnaesite', 'pyrochlore', 'barite', 'fergusonite', 'hematite', 'albite', 'fluorite', 'Maoniuping', 'celestite', 'augite', 'limonite', 'microcline', 'britholite-(ce)', 'sn-cu alloy', 'kainosite-(y)', 'molybdenite', 'cerianite-(ce)', 'ba-celestite', 'pyrite', 'röntgenite-(ce)', 'thorite', 'strontianite', 'xenotime-(y)', 'pectolite', 'titanite', 'galena', 'synchysite', 'allanite', 'columbite', 'sphalerite', 'betafite', 'iron', 'chalcopyrite']",101.9775,28.4566666666667,"[10, 'sövite']",https://mrdata.usgs.gov/to-json.php?db=carbonatite&id=rec_id&labno=25
34,mrdata_json/carbonatite/15.json,15,"['zircon', 'apatite', 'pyroxene', 'calcite', 'magnetite', 'olivine', 'dolomite', 'biotite', 'Argor', 'pyrochlore', 'hematite', 'augite', 'chlorite', 'amphibole', 'siderite', 'James Bay', 'riebeckite', 'molybdenite', 'pyrite', 'pyrrhotite', 'titanite', 'phlogopite', 'chalcopyrite']",-80.5794444444444,50.7252777777778,"[10, 'sövite']",https://mrdata.usgs.gov/to-json.php?db=carbonatite&id=rec_id&labno=15
35,mrdata_json/carbonatite/17.json,17,"['calcite', 'quartz', 'pyrite', 'monazite', 'u-pyrochlore', 'uraninite', 'Manitou Island', 'amphibole', 'biotite', 'apatite']",-79.5672222222222,46.2794444444444,"[10, 'sövite']",https://mrdata.usgs.gov/to-json.php?db=carbonatite&id=rec_id&labno=17
36,mrdata_json/carbonatite/32.json,32,"['pyrochlore', 'calcite', 'dolomite', 'titanite', 'perovskite', 'magnetite', 'phlogopite', 'Sung Valley', 'apatite']",92.1172222222222,25.5691666666667,"['beforsite, sövite', 10]",https://mrdata.usgs.gov/to-json.php?db=carbonatite&id=rec_id&labno=32
37,mrdata_json/carbonatite/37.json,37,"['quartz', 'monazite', 'florencite', 'ilmenite', 'apatite', 'goethite', 'parisite', 'melanite', 'anatase', 'magnetite', 'calcite', 'dolomite', 'biotite', 'k-feldspar', 'Nathache', 'bastnaesite', 'barite', 'pyrochlore', 'fluorite', 'celestite', 'Tundulu', 'ankerite', 'siderite', 'aegerine', 'strontianite', 'titanite', 'synchysite']",35.8075,-15.5391666666667,"[10, 'sövite']",https://mrdata.usgs.gov/to-json.php?db=carbonatite&id=rec_id&labno=37
38,mrdata_json/carbonatite/30.json,30,"['quartz', 'monazite', 'florencite', 'ilmenite', 'apatite', 'goethite', 'calcite', 'magnetite', 'dolomite', 'bastnaesite', 'pyrochlore', 'hematite', 'baddeleyite', 'xenotime', 'kaolinite', 'Mabounie', 'pyrite', 'pyrrhotite', 'synchysite', 'crandallite', 'phlogopite', 'barite (veins)']",10.3688888888889,-0.592777777777778,"['beforsite, sövite', 10]",https://mrdata.usgs.gov/to-json.php?db=carbonatite&id=rec_id&labno=30
39,mrdata_json/carbonatite/41.json,41,"['zircon', 'monazite', 'garnet', 'magnetite', 'calcite', 'Eureka', 'dolomite']",15.2636111111111,-22.0558333333333,"[10, 'beforsite']",https://mrdata.usgs.gov/to-json.php?db=carbonatite&id=rec_id&labno=41
40,mrdata_json/carbonatite/2.json,2,"['thorianite', 'zircon', 'monazite', 'apatite', 'aeschynite', 'alkali amphibole', 'parisite', 'magnetite', 'calcite', 'dolomite', 'biotite', 'bastnaesite', 'Cummins Range', 'barite', 'pyrochlore', 'baddeleyite', 'fluorite', 'chlorite', 'pyrite', 'pyrrhotite', 'diopside', 'allanite', 'sphene', 'columbite', 'phlogopite', 'chalcopyrite']",127.1625,-19.2866666666667,"[10, 'sövite']",https://mrdata.usgs.gov/to-json.php?db=carbonatite&id=rec_id&labno=2
41,mrdata_json/carbonatite/45.json,45,"['quartz', 'monazite', 'pyrolusite', 'gorceixite', 'florencite', 'ilmenite', 'perovskite', 'Chuktukonskoye', 'psilomelane', 'goethite', 'pyroxene', 'Chadobetskoye', 'anatase', 'calcite', 'dolomite', 'apatite (francolite)', 'hydromica', 'albite', 'pyrochlore', 'barite', 'hematite', 'pyrite', 'cerianite', 'crandallite', 'phlogopite']",99.2875,59.4852777777778,"['beforsite, sövite', 10]",https://mrdata.usgs.gov/to-json.php?db=carbonatite&id=rec_id&labno=45
42,mrdata_json/carbonatite/47.json,47,"['zircon', 'garnet', 'gorceixite', 'ilmenite', 'apatite', 'tremolite', 'calcite', 'magnetite', 'vermiculite', 'dolomite', 'pyrochlore', 'baddeleyite', 'wollastonite', 'juonniite', 'ankerite', 'zirconolite', 'Kovdor', 'goyazite', 'pyrrhotite', 'strontianite', 'diopside', 'forsterite', 'actinolite', 'crandallite', 'phlogopite', 'chalcopyrite']",30.4294444444444,67.5605555555556,"['beforsite, sövite', 10]",https://mrdata.usgs.gov/to-json.php?db=carbonatite&id=rec_id&labno=47
43,mrdata_json/carbonatite/20.json,20,"['marianoite', 'pyrochlore', 'calcite', 'quartz', 'baddeleyite', 'wollastonite', 'pectolite', 'titanite', 'vesuvianite', 'Prairie Lake', 'perovskite', 'wöhlerite', 'phlogopite', 'betafite', 'dolomite', 'biotite', 'zirconolite']",-86.7175,49.0352777777778,"[10, 'Si-carbonatite, sövite']",https://mrdata.usgs.gov/to-json.php?db=carbonatite&id=rec_id&labno=20
44,mrdata_json/carbonatite/21.json,21,"['Oka', 'ilmenite', 'perovskite', 'hauyne', 'apatite', 'pyroxene', 'melanite', 'nepheline', 'calcite', 'magnetite', 'dolomite', 'biotite', 'pyrochlore', 'wollastonite', 'melilite', 'niocalite', 'pyrite', 'pyrrhotite', 'richterite', 'britholite']",-74.0222222222222,45.5041666666667,"[10, 'sövite']",https://mrdata.usgs.gov/to-json.php?db=carbonatite&id=rec_id&labno=21
45,mrdata_json/carbonatite/58.json,58,"['zircon', 'quartz', 'monazite', 'rutile', 'ilmenite', 'muscovite', 'chromite', 'apatite', 'goethite', 'epidote', 'anatase', 'magnetite', 'calcite', 'vermiculite', 'dolomite', 'biotite', 'k-feldspar', 'bastnaesite', 'pyrochlore', 'barite', 'hematite', 'fluorite', 'ancylite', 'spinel', 'chlorite', 'amphibole', 'xenotime', 'ankerite', 'siderite', 'aegerine', 'pyrite', 'thorite', 'strontianite', 'galena', 'cerussite', 'synchysite', 'sphalerite', 'sphene', 'phlogopite', 'Wet Mountains', 'chalcopyrite']",-105.346944444444,38.2613888888889,"[10, 'beforsite']",https://mrdata.usgs.gov/to-json.php?db=carbonatite&id=rec_id&labno=58
46,mrdata_json/carbonatite/4.json,4,"['zirkelite', 'quartz', 'Barreiro', 'monazite', 'rutile', 'barytocalcite', 'gorceixite', 'ilmenite', 'arfvedsonite', 'perovskite', 'chromite', 'apatite', 'alunite', 'goethite', 'anthophyllite', 'magnetite', 'ba-pyrochlore', 'calcite', 'vermiculite', 'dolomite', 'bömite', 'ce-pyrochlore', 'pyrochlore', 'barite', 'hematite', 'ancylite', 'norsethite', 'calzirtite', 'eckermannite', 'isokite', 'limonite', 'ankerite', 'siderite', 'Araxa', 'gibbsite', 'kaolinite', 'burbankite', 'aegerine', 'pyrite', 'goyazite', 'pyrrhotite', 'strontianite', 'phlogopite', 'breunnerite']",-46.9419444444444,-19.6611111111111,"[10, 'beforsite']",https://mrdata.usgs.gov/to-json.php?db=carbonatite&id=rec_id&labno=4
47,mrdata_json/carbonatite/48.json,48,"['gypsum', 'clinopyroxene', 'garnet', 'rutile', 'gorceixite', 'leucite', 'apatite', 'tin', 'goethite', 'monazite-(ce)', 'sr-pyrochlore', 'rhodochrosite', 'magnetite', 'rabdophane-(ce)', 'ilmenorutile', 'calcite', 'dolomite', 'hydromica', 'k-feldspar', 'svanbergite', 'pyrochlore', 'barite', 'florencite-(ce)', 'limonite', 'chlorite', 'amphibole', 'ankerite', 'ba-phlogopite', 'kaolinite', 'aegerine', 'pyrite', 'goyazite', 'röntgenite-(ce)', 'xenotime-(y)', 'forsterite', 'Tomtor', 'galena', 'crandallite', 'columbite', 'sphalerite', 'phlogopite']",116.571111111111,71.0536111111111,"['beforsite, sövite', 10]",https://mrdata.usgs.gov/to-json.php?db=carbonatite&id=rec_id&labno=48
48,mrdata_json/carbonatite/8.json,8,"['zircon', 'aegirine', 'monazite', 'aegirine-augite', 'ilmenite', 'perovskite', 'apatite', 'melanite', 'nepheline', 'calcite', 'magnetite', 'olivine', 'Salitre', 'hematite', 'zeolite', 'pyrite', 'diopside', 'titanite', 'phlogopite', 'cancrinite']",-46.7811111111111,-19.0341666666667,"[10, 'sövite']",https://mrdata.usgs.gov/to-json.php?db=carbonatite&id=rec_id&labno=8
49,mrdata_json/carbonatite/10.json,10,"['pyrochlore', 'Serra Negra', 'calcite', 'quartz', 'baddeleyite', 'anatase', 'perovskite', 'biotite', 'th and u minerals (disseminated)', 'apatite']",-46.8866666666667,-18.9202777777778,"[10, 'sövite']",https://mrdata.usgs.gov/to-json.php?db=carbonatite&id=rec_id&labno=10
50,mrdata_json/carbonatite/56.json,56,"['tetrahedrite', 'zircon', 'quartz', 'aegirine', 'monazite', 'wulfenite', 'sahamalite-(ce)', 'muscovite', 'apatite', 'goethite', 'parisite', 'cerite', 'epidote', 'azurite/malachite', 'magnetite', 'calcite', 'olivine', 'dolomite', 'biotite', 'bastnaesite', 'barite', 'hematite', 'talc', 'fluorite', 'augite', 'celestite', 'orthoclase', 'chlorite', 'amphibole', 'ankerite', 'siderite', 'riebeckite', 'pyrite', 'thorite', 'crocidolite', 'strontianite', 'Mountain Pass', 'galena', 'allanite', 'phlogopite', 'chalcopyrite']",-115.532222222222,35.4786111111111,"[10, 'beforsite, Si-carbonatite, sövite']",https://mrdata.usgs.gov/to-json.php?db=carbonatite&id=rec_id&labno=56
51,mrdata_json/carbonatite/14.json,14,"['pyroxene', 'pyrochlore', 'calcite', 'pyrite', 'pyrrhotite', 'olivine', 'amphibole', 'columbite', 'sphene', 'fersmite', 'phlogopite', 'aegerine-augite', 'dolomite', 'apatite', 'Upper Fir']",-119.175,52.3094444444444,"['beforsite, sövite', 10]",https://mrdata.usgs.gov/to-json.php?db=carbonatite&id=rec_id&labno=14
52,mrdata_json/carbonatite/34.json,34,"['aegerine', 'bastnaesite', 'pyrochlore', 'barite', 'biotite', 'calcite', 'götzenite', 'monazite', 'fluorite', 'wollastonite', 'Ruri', 'cancrinite', 'magnetite', 'apatite', 'eudialyte']",34.3344444444444,-0.53,"[10, 'sövite']",https://mrdata.usgs.gov/to-json.php?db=carbonatite&id=rec_id&labno=34
53,mrdata_json/carbonatite/60.json,60,"['quartz', 'ilmenite', 'apatite', 'monazite-(ce)', 'Nkumbwa Hill', 'calcite', 'dolomite', 'bastnaesite', 'pyrochlore', 'barite', 'fluorite', 'magnesite', 'daqingshanite', 'sellaite', 'isokite', 'ankerite', 'siderite', 'Nkombwa Hill', 'pyrite', 'strontianite', 'phlogopite']",32.8516666666667,-10.1494444444444,"[10, 'Fe-carbonatite, rauhaugite']",https://mrdata.usgs.gov/to-json.php?db=carbonatite&id=rec_id&labno=60
54,mrdata_json/carbonatite/44.json,44,"['thorianite', 'zircon', 'hibonite', 'villiaumite', 'garnet', 'rutile', 'pyrolusite', 'Fen complex', 'ilmenite', 'parisite-(ce)', 'Söve', 'perovskite', 'apatite', 'pyroxene', 'goethite', 'monazite-(ce)', 'synchysite-(ce)', 'kobeite-(y)', 'loparite-(ce)', 'anatase', 'thortveitite', 'magnetite', 'calcite', 'dolomite', 'biotite', 'corundum', 'pyrochlore', 'barite', 'hematite', 'perrierite-(ce)', 'isokite', 'spinel', 'brucite', 'fersmite', 'pyrite', 'thorite', 'pyrrhotite', 'titanite', 'columbite', 'phlogopite', 'chalcopyrite', 'fergusonite-(y)']",9.26944444444444,59.2808333333333,"['rauhaugite, sövite', 10]",https://mrdata.usgs.gov/to-json.php?db=carbonatite&id=rec_id&labno=44
55,mrdata_json/carbonatite/28.json,28,"['Bingu', 'zircon', 'Bingo', 'mica', 'sr-ba carbonate', 'apatite', 'götzenite', 'melanite', 'cassiterite', 'calcite', 'magnetite', 'ba-pyrochlore', 'sr-ree carbonate', 'dolomite', 'pyrochlore', 'baddeleyite', 'aegerine', 'titanite', 'crandallite', 'columbite']",29.3169444444444,0.529722222222222,"['beforsite, sövite', 10]",https://mrdata.usgs.gov/to-json.php?db=carbonatite&id=rec_id&labno=28
56,mrdata_json/carbonatite/43.json,43,"['zircon', 'quartz', 'monazite', 'Ondurukurume', 'apatite', 'psilomelane', 'calcite', 'vermiculite', 'dolomite', 'biotite', 'pyrochlore', 'barite', 'hematite', 'ancylite', 'carbocernaite', 'chlorite', 'ankerite', 'aegerine', 'pyrite', 'cerianite', 'strontianite', 'galena']",16.2544444444444,-20.7697222222222,"['beforsite, sövite', 10]",https://mrdata.usgs.gov/to-json.php?db=carbonatite&id=rec_id&labno=43
57,mrdata_json/carbonatite/27.json,27,"['Weishan', 'quartz', 'rutile', 'parisite-(ce)', 'wulfenite', 'feldspar', 'perovskite', 'bastnaesite-(ce)', 'muscovite', 'apatite', 'aeschynite', 'goethite', 'monazite-(ce)', 'carbocernaite-(ce)', 'epidote', 'ancylite-(ce)', 'tremolite', 'anatase', 'magnetite', 'Xishan', 'calcite', 'dolomite', 'biotite', 'pyrochlore', 'barite', 'hematite', 'fluorite', 'chlorite', 'britholite-(ce)', 'chevkinite', 'aegerine-augite', 'riebeckite', 'pyrite', 'thorite', 'diopside', 'allanite', 'columbite', 'phlogopite']",117.208055555556,34.7555555555556,"[10, 'beforsite']",https://mrdata.usgs.gov/to-json.php?db=carbonatite&id=rec_id&labno=27
58,mrdata_json/carbonatite/11.json,11,"['Tapira', 'garnet', 'ilmenite', 'perovskite', 'rhabdophane', 'apatite', 'anatase', 'calcite', 'magnetite', 'ba-pyrochlore', 'olivine', 'vermiculite', 'dolomite', 'biotite', 'pyrochlore', 'barite', 'augite', 'norsethite', 'calzirtite', 'sulfide minerals', 'diopside', 'titanite', 'crandallite', 'phlogopite', 'sphene']",-46.8358333333333,-19.8644444444444,"[10, 'sövite']",https://mrdata.usgs.gov/to-json.php?db=carbonatite&id=rec_id&labno=11
59,mrdata_json/carbonatite/5.json,5,"['zircon', 'quartz', 'monazite', 'Catalao I', 'pyrolusite', 'vivianite', 'gorceixite', 'florencite', 'ilmenite', 'feldspar', 'perovskite', 'rhabdophane', 'apatite', 'pyroxene', 'goethite', 'nepheline', 'anatase', 'magnetite', 'lusungite', 'calcite', 'olivine', 'vermiculite', 'dolomite', 'bömite', 'svanbergite', 'pyrochlore', 'barite', 'hematite', 'ancylite', 'serpentine', 'amphibole', 'gibbsite', 'kaolinite', 'collophane', 'aegerine', 'pyrite', 'goyazite', 'pyrrhotite', 'titanite', 'phlogopite', 'sphene']",-47.7997222222222,-18.13,"['beforsite, sövite', 10]",https://mrdata.usgs.gov/to-json.php?db=carbonatite&id=rec_id&labno=5
